index,file_name,model_valence,model_arousal,top_profiles
0,$uicideboy$ — $UICIDEBOY$ - ANTARCTICA (Lyric Video).mp4,4.4918,4.7441,"focus:0.773(affect=0.889,tag=0.306);dark:0.664(affect=0.676,tag=0.618);romantic:0.637(affect=0.743,tag=0.216)"
1,$uicideboy$ — $UICIDEBOY$ - Monochromatic.mp4,5.5182,6.7067,"energetic:0.800(affect=0.807,tag=0.773);party:0.731(affect=0.759,tag=0.617);romantic:0.707(affect=0.750,tag=0.535)"
2,$uicideboy$ — $UICIDEBOY$ - NOT EVEN GHOSTS ARE THIS EMPTY.mp4,5.3551,6.2898,"energetic:0.759(affect=0.768,tag=0.723);romantic:0.724(affect=0.766,tag=0.558);party:0.720(affect=0.726,tag=0.695)"
3,$uicideboy$ — $UICIDEBOY$ - O PANA!.mp4,5.8829,6.1324,"romantic:0.751(affect=0.809,tag=0.520);energetic:0.700(affect=0.773,tag=0.407);party:0.686(affect=0.751,tag=0.427)"
4,044 ROSE — 044 ROSE - все в наших руках.mp4,4.4527,3.9237,"focus:0.815(affect=0.944,tag=0.298);calm:0.772(affect=0.812,tag=0.614);melancholic:0.701(affect=0.705,tag=0.683)"
5,2Scratch — 2Scratch - EX. (prod. by 2Scratch).mp4,3.8974,4.0010,"melancholic:0.761(affect=0.742,tag=0.836);focus:0.756(affect=0.896,tag=0.197);calm:0.702(affect=0.796,tag=0.329)"
6,2Scratch — 2Scratch - NO LOVE feat. Swisha T (prod. by 2Scratch).mp4,4.7968,4.9317,"focus:0.705(affect=0.881,tag=0.000);dark:0.671(affect=0.676,tag=0.651);romantic:0.658(affect=0.768,tag=0.218)"
7,7clouds — Katy Perry - The One That Got Away (Lyrics).mp4,6.5011,7.1311,"energetic:0.844(affect=0.870,tag=0.741);party:0.822(affect=0.851,tag=0.707);happy:0.804(affect=0.830,tag=0.700)"
8,Bones - Topic — 90210.mp4,4.2268,3.3130,"focus:0.813(affect=0.927,tag=0.358);calm:0.798(affect=0.862,tag=0.543);melancholic:0.748(affect=0.748,tag=0.750)"
9,Botir Qodirov — Botir Qodirov - Koroleva Jana (Official Music Video).mp4,5.6337,5.6404,"romantic:0.793(affect=0.819,tag=0.691);energetic:0.681(affect=0.725,tag=0.504);happy:0.664(affect=0.710,tag=0.477)"
10,Bruno Mars — Bruno Mars - The Lazy Song (Official Music Video).mp4,6.8667,6.3064,"happy:0.840(affect=0.834,tag=0.866);romantic:0.820(affect=0.842,tag=0.733);party:0.797(affect=0.813,tag=0.730)"
11,Cassiopeia — Halsey - Got a boy back home in Michigan (Bad At Love) (Lyrics).mp4,6.0160,6.1579,"romantic:0.806(affect=0.816,tag=0.766);happy:0.763(affect=0.762,tag=0.767);party:0.755(affect=0.760,tag=0.734)"
12,CMH — cmh x motelblvck – барби (mood video).mp4,5.6287,6.4496,"energetic:0.768(affect=0.791,tag=0.676);romantic:0.767(affect=0.774,tag=0.741);party:0.733(affect=0.753,tag=0.650)"
13,cowboyclick — dragging [89361f3f].m4a,5.3117,5.5565,"focus:0.735(affect=0.825,tag=0.373);romantic:0.709(affect=0.797,tag=0.358);dark:0.675(affect=0.690,tag=0.613)"
14,cowboyclick — dragging.m4a,5.3117,5.5565,"focus:0.735(affect=0.825,tag=0.373);romantic:0.709(affect=0.797,tag=0.358);dark:0.675(affect=0.690,tag=0.613)"
15,CRIM — CRIM - KILLING ME.mp4,4.6182,4.7540,"focus:0.714(affect=0.893,tag=0.000);dark:0.663(affect=0.671,tag=0.629);romantic:0.649(affect=0.754,tag=0.232)"
16,deathmarried — deathmarried - dreams fallen (official music video).m4a,5.6380,7.2248,"energetic:0.820(affect=0.852,tag=0.693);party:0.726(affect=0.790,tag=0.468);dark:0.722(affect=0.740,tag=0.651)"
17,Deko — deko - flyyying.m4a,5.1415,6.2147,"dark:0.730(affect=0.740,tag=0.690);energetic:0.717(affect=0.753,tag=0.575);romantic:0.669(affect=0.755,tag=0.326)"
18,DGainz — Chief Keef - Love Sosa.m4a,4.3417,4.3403,"focus:0.730(affect=0.912,tag=0.000);melancholic:0.641(affect=0.693,tag=0.434);dark:0.624(affect=0.649,tag=0.524)"
19,DotComNirvan — YEAT - Trëndy way (feat. SeptembersRich) [Dir. by @DotComNirvan].m4a,5.2639,5.9758,"romantic:0.746(affect=0.775,tag=0.627);dark:0.726(affect=0.718,tag=0.755);energetic:0.696(affect=0.740,tag=0.523)"
20,"dreamscape — antent, øneheart - miss you (intro).m4a",2.9095,1.7032,"melancholic:0.848(affect=0.876,tag=0.733);calm:0.776(affect=0.850,tag=0.480);focus:0.724(affect=0.750,tag=0.616)"
21,dreamscape — øneheart - apathy.m4a,2.7046,1.8793,"melancholic:0.787(affect=0.898,tag=0.339);focus:0.757(affect=0.746,tag=0.799);calm:0.744(affect=0.832,tag=0.391)"
22,dreamscape — øneheart - nostalgia.m4a,3.0837,2.3399,"focus:0.800(affect=0.797,tag=0.809);melancholic:0.766(affect=0.868,tag=0.358);calm:0.756(affect=0.858,tag=0.348)"
23,dreamscape — øneheart - strain.m4a,2.9515,2.1455,"focus:0.795(affect=0.778,tag=0.863);melancholic:0.773(affect=0.880,tag=0.344);calm:0.759(affect=0.851,tag=0.391)"
24,Dua Lipa — Dua Lipa - New Rules (Official Music Video).mp4,6.1162,6.0617,"romantic:0.779(affect=0.828,tag=0.582);happy:0.771(affect=0.766,tag=0.793);party:0.752(affect=0.759,tag=0.722)"
25,EFREM — ВЛЮБЛЯЮТСЯ ТОЛЬКО ЛОХИ _ DOTA EDIT by @unusualmp4.m4a,4.7807,5.1422,"focus:0.690(affect=0.862,tag=0.000);romantic:0.657(affect=0.764,tag=0.233);dark:0.653(affect=0.693,tag=0.493)"
26,face x xxxtentacion — forever young.mp4,5.0956,5.2478,"romantic:0.754(affect=0.788,tag=0.614);focus:0.683(affect=0.854,tag=0.000);dark:0.664(affect=0.683,tag=0.587)"
27,Famoussl — Famous-One life (Official video).mp4,6.9830,6.0861,"romantic:0.846(affect=0.864,tag=0.773);happy:0.822(affect=0.829,tag=0.792);party:0.767(affect=0.800,tag=0.634)"
28,Forever Zaev — Bones - CtrlAltDelete.mp4,5.1293,5.0112,"focus:0.737(affect=0.875,tag=0.184);romantic:0.729(affect=0.796,tag=0.459);calm:0.634(affect=0.712,tag=0.322)"
29,Fueled By Ramen — twenty one pilots_ Stressed Out [OFFICIAL VIDEO].mp4,5.3792,5.6407,"romantic:0.780(affect=0.799,tag=0.704);energetic:0.707(affect=0.717,tag=0.665);happy:0.667(affect=0.691,tag=0.571)"
30,Gorillaz — Gorillaz - Feel Good Inc. (Official Video).mp4,5.4232,6.0821,"energetic:0.754(affect=0.754,tag=0.754);romantic:0.708(affect=0.782,tag=0.414);party:0.691(affect=0.719,tag=0.579)"
31,Hajime — TumaniYO - Freedom (Official Audio).mp4,4.8091,5.0197,"focus:0.699(affect=0.873,tag=0.000);romantic:0.661(affect=0.768,tag=0.231);dark:0.647(affect=0.682,tag=0.507)"
32,Harlem Fetty — Fetty Wap - Trap Queen (Official Video) Prod. By Tony Fadd.mp4,5.2035,5.2438,"romantic:0.764(affect=0.798,tag=0.629);focus:0.683(affect=0.854,tag=0.000);energetic:0.673(affect=0.679,tag=0.651)"
33,HeyMax — Juice WRLD - Ex Girlfriend (Unreleased) [Prod. Max Chris].mp4,4.4631,4.3034,"focus:0.737(affect=0.922,tag=0.000);melancholic:0.684(affect=0.686,tag=0.677);romantic:0.643(affect=0.739,tag=0.257)"
34,Hoobastank — Hoobastank - The Reason (Official Music Video).mp4,5.0802,5.1872,"romantic:0.788(affect=0.788,tag=0.788);focus:0.688(affect=0.860,tag=0.000);dark:0.634(affect=0.680,tag=0.450)"
35,IDLEGLANCE — [WHERE IS MY MIND] - LiL PEEP x PIXIES x BONES x $UICIDEBOY$ x POUYA.mp4,5.8144,6.3793,"energetic:0.792(affect=0.792,tag=0.791);romantic:0.757(affect=0.789,tag=0.627);party:0.701(affect=0.762,tag=0.457)"
36,Iurii Kaplan — Валентин Стрыкало - Гори.mp4,4.7295,5.4339,"dark:0.688(affect=0.716,tag=0.575);focus:0.669(affect=0.836,tag=0.000);energetic:0.667(affect=0.675,tag=0.633)"
37,Iurii Kaplan — Юрий Каплан - Дешевые драмы.mp4,4.6444,4.0236,"focus:0.818(affect=0.951,tag=0.284);calm:0.744(affect=0.803,tag=0.505);melancholic:0.708(affect=0.686,tag=0.796)"
38,Kanye West — I Wonder.mp4,4.4921,4.8002,"focus:0.708(affect=0.885,tag=0.000);dark:0.671(affect=0.680,tag=0.635);melancholic:0.668(affect=0.656,tag=0.717)"
39,Kanye West — Kanye West - Stronger.mp4,5.6130,6.5827,"energetic:0.789(affect=0.801,tag=0.737);romantic:0.743(affect=0.764,tag=0.657);party:0.742(affect=0.760,tag=0.669)"
40,kasek — Kanye West NHH.mp4,4.6607,5.3972,"dark:0.694(affect=0.717,tag=0.600);focus:0.671(affect=0.838,tag=0.000);energetic:0.662(affect=0.669,tag=0.636)"
41,Lil Peep — lil peep - benz truck (prod. smokeasac).mp4,5.3312,5.1903,"romantic:0.777(affect=0.810,tag=0.644);focus:0.724(affect=0.856,tag=0.194);energetic:0.675(affect=0.678,tag=0.661)"
42,Lil Peep — Lil Peep - crybaby (Official Video).mp4,3.4826,4.4548,"melancholic:0.735(affect=0.740,tag=0.712);focus:0.714(affect=0.846,tag=0.187);dark:0.643(affect=0.681,tag=0.492)"
43,Lil Peep — Lil Peep - Save That Shit (Official Video).mp4,4.1494,5.2969,"dark:0.714(affect=0.733,tag=0.639);focus:0.709(affect=0.832,tag=0.217);melancholic:0.648(affect=0.645,tag=0.657)"
44,Lil Peep — Lil Peep -- 16 Lines (Official Video).mp4,3.6611,4.3097,"focus:0.784(affect=0.866,tag=0.455);melancholic:0.761(affect=0.739,tag=0.847);calm:0.674(affect=0.763,tag=0.316)"
45,Lil Peep — lil peep w_ yung bruh - white tee.m4a,4.9441,4.8061,"focus:0.768(affect=0.893,tag=0.266);dark:0.683(affect=0.660,tag=0.773);romantic:0.647(affect=0.782,tag=0.106)"
46,Linkin Park — Lost [Official Music Video] - Linkin Park.mp4,6.2363,7.1466,"energetic:0.844(affect=0.868,tag=0.750);party:0.771(affect=0.833,tag=0.520);romantic:0.733(affect=0.753,tag=0.655)"
47,local-5005a420d61312d3.mp3,5.0476,5.1589,"focus:0.755(affect=0.862,tag=0.326);romantic:0.735(affect=0.786,tag=0.531);calm:0.654(affect=0.700,tag=0.470)"
48,Lyrical Lemonade — Juice WRLD - All Girls Are The Same (Official Music Video).mp4,4.8167,4.1526,"focus:0.812(affect=0.949,tag=0.266);calm:0.739(affect=0.791,tag=0.529);melancholic:0.696(affect=0.667,tag=0.809)"
49,Lyrical Lemonade — Juice WRLD - Lucid Dreams (Official Music Video).mp4,5.5435,5.7694,"romantic:0.804(affect=0.806,tag=0.795);energetic:0.708(affect=0.733,tag=0.608);happy:0.669(affect=0.709,tag=0.506)"
50,Marshmello — Marshmello x Lil Peep - Spotlight (Official Music Video).mp4,5.5422,6.6207,"energetic:0.793(affect=0.802,tag=0.758);romantic:0.754(affect=0.757,tag=0.742);party:0.744(affect=0.756,tag=0.693)"
51,"Mazzy Star — cry, cry.mp3",4.6625,4.0387,"focus:0.826(affect=0.951,tag=0.324);calm:0.767(affect=0.802,tag=0.629);melancholic:0.703(affect=0.684,tag=0.778)"
52,Microwave343 — WW3 - Ye (uncensored).mp4,4.4357,4.8511,"focus:0.726(affect=0.879,tag=0.114);dark:0.702(affect=0.686,tag=0.765);melancholic:0.660(affect=0.657,tag=0.671)"
53,Moshpxt — YEAT - MAD BOUT THAT ( Official Music Video ) [ Created by @MOSHPXT & @jackrottier ].m4a,6.3589,6.4258,"romantic:0.782(affect=0.814,tag=0.655);party:0.747(affect=0.798,tag=0.545);energetic:0.743(affect=0.807,tag=0.486)"
54,Motionless In White — Motionless In White - Another Life [OFFICIAL VIDEO].mp4,5.1407,7.2309,"energetic:0.832(affect=0.823,tag=0.868);dark:0.744(affect=0.782,tag=0.591);party:0.722(affect=0.750,tag=0.610)"
55,Nine Degrees North — Mahal Magmahal (Live at The Cozy Cove) - Esremborak.mp4,5.4806,5.0347,"romantic:0.826(affect=0.826,tag=0.826);focus:0.753(affect=0.866,tag=0.299);calm:0.652(affect=0.704,tag=0.446)"
56,oxxxymironofficial — ЛСП & Oxxxymiron - Безумие (Remix).mp4,5.9948,6.0909,"romantic:0.793(affect=0.819,tag=0.689);energetic:0.763(affect=0.772,tag=0.725);happy:0.737(affect=0.758,tag=0.655)"
57,PHARAOH - Topic — Pornozvezda.mp4,4.5555,4.6200,"focus:0.756(affect=0.902,tag=0.171);melancholic:0.680(affect=0.662,tag=0.749);calm:0.658(affect=0.751,tag=0.286)"
58,"Planet Music — Cheb Rezki - Ana Al Ghaltan (Remix) _ Tiktok , Instagram Trend music.mp4",5.5922,5.7566,"romantic:0.803(affect=0.810,tag=0.773);happy:0.710(affect=0.712,tag=0.700);party:0.696(affect=0.709,tag=0.642)"
59,Playboi Carti — Playboi Carti - R.I.P.m4a,5.4796,6.1533,"romantic:0.747(affect=0.782,tag=0.608);energetic:0.725(affect=0.762,tag=0.578);happy:0.716(affect=0.719,tag=0.701)"
60,Playboi Carti — Playboi Carti - Sky [Official Video].m4a,5.1085,5.8950,"romantic:0.755(affect=0.767,tag=0.708);energetic:0.706(affect=0.727,tag=0.622);happy:0.699(affect=0.680,tag=0.776)"
61,Playboi Carti — Playboi Carti - Vamp Anthem (Official Audio).m4a,5.1743,5.5996,"romantic:0.757(affect=0.784,tag=0.648);dark:0.673(affect=0.702,tag=0.558);party:0.668(affect=0.673,tag=0.647)"
62,Pooh Shiesty — Pooh Shiesty - Reap What You Sow [Official Audio].mp4,4.8717,5.0090,"focus:0.700(affect=0.875,tag=0.000);romantic:0.671(affect=0.774,tag=0.262);energetic:0.614(affect=0.648,tag=0.481)"
63,Popular Music — Ariana Grande - Dangerous Woman (Lyrics).mp4,5.5465,5.9959,"romantic:0.758(affect=0.795,tag=0.613);energetic:0.722(affect=0.752,tag=0.605);party:0.721(affect=0.721,tag=0.720)"
64,Popular Music — Halsey - Bad at Love (Lyrics).mp4,5.6902,5.7711,"romantic:0.801(affect=0.817,tag=0.736);happy:0.724(affect=0.721,tag=0.738);energetic:0.720(affect=0.737,tag=0.652)"
65,Popular Music — Justin Bieber - Confident (Lyrics) _she said it’s her first time_.mp4,5.8538,6.4008,"energetic:0.792(affect=0.795,tag=0.782);party:0.772(affect=0.766,tag=0.795);romantic:0.768(affect=0.790,tag=0.677)"
66,Popular Music — Rihanna - Disturbia (Lyrics).mp4,6.8760,7.1821,"party:0.869(affect=0.878,tag=0.832);happy:0.861(affect=0.864,tag=0.849);energetic:0.855(affect=0.872,tag=0.785)"
67,Pure Noise Records — The Story So Far _Empty Space_ (Official Music Video) [71656667].mp4,6.7129,8.3038,"energetic:0.956(affect=0.972,tag=0.891);party:0.853(affect=0.903,tag=0.651);happy:0.780(affect=0.831,tag=0.575)"
68,Pure Noise Records — The Story So Far _Empty Space_ (Official Music Video).mp4,6.7129,8.3038,"energetic:0.956(affect=0.972,tag=0.891);party:0.853(affect=0.903,tag=0.651);happy:0.780(affect=0.831,tag=0.575)"
69,Rick Astley — Rick Astley - Never Gonna Give You Up.m4a,6.5967,6.8418,"party:0.829(affect=0.840,tag=0.786);happy:0.821(affect=0.833,tag=0.771);energetic:0.803(affect=0.845,tag=0.638)"
70,RotonMusicTV — INNA - Amazing (Official Video).m4a,7.1834,7.0987,"party:0.882(affect=0.888,tag=0.854);happy:0.857(affect=0.889,tag=0.726);energetic:0.846(affect=0.858,tag=0.798)"
71,RotonMusicTV — INNA - Amazing (Official Video).mp4,7.1847,7.1004,"party:0.882(affect=0.889,tag=0.855);happy:0.857(affect=0.889,tag=0.726);energetic:0.846(affect=0.858,tag=0.799)"
72,sad chɨll — convolk - swear to god [Official Music Video].mp4,5.6651,5.5298,"romantic:0.814(affect=0.826,tag=0.765);happy:0.700(affect=0.707,tag=0.672);energetic:0.689(affect=0.716,tag=0.582)"
73,sad chɨll — convolk x 9TAILS x guardin - whatever it takes [Official Music Video].mp4,5.1321,4.7679,"romantic:0.795(affect=0.799,tag=0.781);focus:0.717(affect=0.896,tag=0.000);dark:0.632(affect=0.648,tag=0.570)"
74,SAINt JHN — SAINt JHN - Roses (Imanbek Remix) (Official Music Video).mp4,5.8343,6.3586,"energetic:0.767(affect=0.791,tag=0.675);party:0.767(affect=0.762,tag=0.789);happy:0.763(affect=0.755,tag=0.794)"
75,"Skrillex — Skrillex, Yung Lean, & Bladee - Ceremony [Official Video].mp4",5.1300,4.6603,"romantic:0.757(affect=0.799,tag=0.586);focus:0.724(affect=0.906,tag=0.000);dark:0.641(affect=0.640,tag=0.644)"
76,SLAVA MARLOW — SLAVA MARLOW & ЭЛДЖЕЙ - ЗЛОЙ.mp4,5.7978,5.6649,"romantic:0.813(affect=0.830,tag=0.743);party:0.697(affect=0.714,tag=0.627);happy:0.696(affect=0.724,tag=0.585)"
77,"Smoke ABM — I Might Break, But I Won’t.mp4",5.5452,6.9951,"energetic:0.795(affect=0.830,tag=0.653);party:0.781(affect=0.774,tag=0.810);romantic:0.723(affect=0.732,tag=0.687)"
78,Sony Music South — Muthumani Music Video - DOROTHY _ Maestro Ilaiyaraaja _ Karthik Subbaraj.mp4,5.5812,5.5361,"romantic:0.750(affect=0.819,tag=0.471);focus:0.657(affect=0.821,tag=0.000);happy:0.628(affect=0.701,tag=0.336)"
79,spoki noki — code10 - kissXO _ lyrics video.m4a,6.1728,6.3302,"romantic:0.794(affect=0.813,tag=0.721);energetic:0.772(affect=0.796,tag=0.675);party:0.767(affect=0.781,tag=0.710)"
80,spoki noki — code10 - kissXO _ lyrics video.mp4,6.1739,6.3314,"romantic:0.794(affect=0.812,tag=0.721);energetic:0.772(affect=0.796,tag=0.675);party:0.767(affect=0.781,tag=0.710)"
81,"Sputnik Records — Sabi, MIA BOYKA - Базовый минимум (Премьера клипа).mp4",6.6248,6.4063,"happy:0.801(affect=0.820,tag=0.722);romantic:0.795(affect=0.826,tag=0.668);party:0.774(affect=0.810,tag=0.630)"
82,Superheaven — Superheaven - “Youngest Daughter” (Official Visualizer) [0613af19].mp4,4.6133,6.1532,"dark:0.769(affect=0.771,tag=0.759);energetic:0.727(affect=0.721,tag=0.748);focus:0.617(affect=0.772,tag=0.000)"
83,Superheaven — Superheaven - “Youngest Daughter” (Official Visualizer).mp4,4.6133,6.1532,"dark:0.769(affect=0.771,tag=0.759);energetic:0.727(affect=0.721,tag=0.748);focus:0.617(affect=0.772,tag=0.000)"
84,tatu — t.A.T.u. - All The Things She Said (Official Music Video).mp4,5.6358,6.5252,"energetic:0.768(affect=0.798,tag=0.647);party:0.715(affect=0.758,tag=0.542);romantic:0.696(affect=0.769,tag=0.401)"
85,The Gamer Guy — Bye Bye Bye - NSYNC _ The Gamer Guy.mp4,6.2318,6.4606,"energetic:0.803(affect=0.808,tag=0.781);happy:0.774(affect=0.791,tag=0.706);party:0.762(affect=0.793,tag=0.640)"
86,TheCranberriesTV — The Cranberries - Zombie (Official Music Video).mp4,5.5477,6.2878,"energetic:0.759(affect=0.775,tag=0.694);romantic:0.737(affect=0.779,tag=0.570);party:0.664(affect=0.739,tag=0.367)"
87,Title Fight — Title Fight - _Head In The Ceiling Fan_.mp4,4.3889,4.3606,"focus:0.731(affect=0.914,tag=0.000);melancholic:0.705(affect=0.688,tag=0.775);dark:0.681(affect=0.649,tag=0.807)"
88,"Trippie Redd — Trippie Redd, Travis Scott - Dark Knight Dummo ft. Travis Scott.m4a",5.1185,6.1733,"energetic:0.750(affect=0.749,tag=0.756);dark:0.726(affect=0.739,tag=0.673);romantic:0.709(affect=0.755,tag=0.526)"
89,Unknown Artist — 94707532_456240649_8b8d06c4-7af.mp3,5.3874,5.8861,"dark:0.718(affect=0.705,tag=0.772);romantic:0.715(affect=0.789,tag=0.419);energetic:0.713(affect=0.737,tag=0.614)"
90,vigius — code10-Summerlove.m4a,5.0605,4.3039,"romantic:0.785(affect=0.792,tag=0.757);focus:0.750(affect=0.938,tag=0.000);melancholic:0.639(affect=0.642,tag=0.626)"
91,Wicked Movie — Wicked _ Popular.mp4,4.8212,5.2024,"focus:0.686(affect=0.857,tag=0.000);romantic:0.660(affect=0.766,tag=0.235);energetic:0.633(affect=0.661,tag=0.522)"
92,Xamdam Sobirov — Xamdam Sobirov - Peshta _ Хамдам Собиров - Пешта _ Video Klip.mp4,5.5120,4.9750,"romantic:0.797(affect=0.830,tag=0.665);focus:0.696(affect=0.870,tag=0.000);energetic:0.678(affect=0.665,tag=0.729)"
93,Xertix — F_ck love XXXTENTACIONXXX (Ft. Trippie Redd).m4a,4.9118,4.6153,"focus:0.728(affect=0.910,tag=0.000);romantic:0.674(affect=0.780,tag=0.247);melancholic:0.644(affect=0.638,tag=0.670)"
94,XXXTENTACION — XXXTENTACION - SAD!.m4a,3.5100,3.5180,"melancholic:0.776(affect=0.795,tag=0.700);focus:0.728(affect=0.868,tag=0.165);calm:0.686(affect=0.820,tag=0.152)"
95,Yeat — Gët Busy [Official Music Video].m4a,4.8058,5.1858,"dark:0.711(affect=0.695,tag=0.775);focus:0.687(affect=0.859,tag=0.000);romantic:0.652(affect=0.765,tag=0.200)"
96,Yeat — Monëy so big.m4a,5.3818,6.0982,"romantic:0.747(affect=0.778,tag=0.625);energetic:0.725(affect=0.754,tag=0.610);party:0.686(affect=0.717,tag=0.562)"
97,Yeat — On tha line [Official Music Video] [0cdc2026].m4a,4.5161,5.1800,"dark:0.699(affect=0.708,tag=0.663);focus:0.683(affect=0.854,tag=0.000);romantic:0.637(affect=0.740,tag=0.224)"
98,Yeat — On tha line [Official Music Video].m4a,4.5161,5.1800,"dark:0.699(affect=0.708,tag=0.663);focus:0.683(affect=0.854,tag=0.000);romantic:0.637(affect=0.740,tag=0.224)"
99,"zxcursed — zxcursed, mupp - haunt.m4a",6.4330,7.4537,"energetic:0.889(affect=0.898,tag=0.853);party:0.850(affect=0.862,tag=0.799);happy:0.800(affect=0.826,tag=0.698)"
100,вышел покурить - Topic — вопрос.mp4,5.4463,4.8446,"romantic:0.786(affect=0.826,tag=0.628);focus:0.776(affect=0.883,tag=0.349);calm:0.636(affect=0.721,tag=0.296)"
101,вышел покурить - Topic — время.mp4,4.3369,4.6345,"focus:0.713(affect=0.891,tag=0.000);melancholic:0.674(affect=0.676,tag=0.667);dark:0.664(affect=0.673,tag=0.626)"
102,вышел покурить - Topic — если станет плохо.mp4,4.4382,3.9272,"focus:0.796(affect=0.943,tag=0.208);melancholic:0.729(affect=0.706,tag=0.822);calm:0.718(affect=0.811,tag=0.346)"
103,вышел покурить - Topic — засыпай.mp4,4.6215,3.8421,"focus:0.863(affect=0.960,tag=0.471);calm:0.776(affect=0.819,tag=0.601);melancholic:0.713(affect=0.696,tag=0.779)"
104,вышел покурить - Topic — комната.mp4,3.8974,3.6490,"focus:0.764(affect=0.902,tag=0.208);calm:0.741(affect=0.825,tag=0.402);melancholic:0.731(affect=0.760,tag=0.618)"
105,СЕРЕГА ПИРАТ МУЗЫКА — Серега пират - извини сегодня праздник.m4a,5.7265,5.7711,"romantic:0.807(affect=0.819,tag=0.758);energetic:0.725(affect=0.738,tag=0.672);happy:0.653(affect=0.723,tag=0.373)"
106,†REDZED† — REDZED x TSUNAMI J. - HEAVEN (Lyrics Video).mp4,5.6074,5.8446,"romantic:0.775(affect=0.807,tag=0.649);party:0.733(affect=0.716,tag=0.805);happy:0.710(affect=0.717,tag=0.682)"
107,デーモンAstari — deko - PHANTASY STAR ONLINE ft. Yameii (Official Music Video).m4a,5.6091,5.2595,"romantic:0.782(affect=0.831,tag=0.586);focus:0.675(affect=0.844,tag=0.000);party:0.652(affect=0.676,tag=0.556)"
